feature,mean_abs_shap
C13,0.40681925
card1,0.35361725
card1_addr1_count,0.3339931
TransactionDT,0.31944153
TransactionAmt,0.31069165
addr1,0.26853096
card2,0.25994617
C1,0.25797868
amt_vs_card1_mean,0.24328479
card6,0.22057873
C14,0.21128733
D1,0.20241106
C11,0.19830188
amt_vs_card1_zscore,0.19459479
tx_count_card1_24h,0.19009131
log_transaction_amt,0.18040721
C2,0.1755103
tx_hour,0.16983218
tx_dom,0.16613182
D15,0.15344073
