{
  "auc_roc": 0.9702,
  "avg_precision": 0.853,
  "precision_fraud": 0.8799,
  "recall_fraud": 0.7571,
  "f1_fraud": 0.8139,
  "precision_legit": 0.9912,
  "recall_legit": 0.9963,
  "f1_legit": 0.9937,
  "support_fraud": 4133,
  "support_legit": 113975,
  "confusion_matrix": [
    [
      113548,
      427
    ],
    [
      1004,
      3129
    ]
  ],
  "best_params": {
    "n_estimators": 500,
    "max_depth": 10,
    "learning_rate": 0.1205712628744377,
    "subsample": 0.7993292420985183,
    "colsample_bytree": 0.4936111842654619,
    "min_child_weight": 2,
    "gamma": 0.2904180608409973,
    "reg_alpha": 0.6245760287469887,
    "reg_lambda": 0.002570603566117596
  }
}